"ccode","cname","year","ccodealp","ccodecow","p_durable","p_polity2_onset","d_p_polity2","arch_exit_any","arch_exit_reg","arch_exit_irreg","regime_change","regime_change_year","prevrc","democratization","duration","twincrisis","twincrisis2","triplecrisis","twincrisis_any","wr_regtype","military","personal","party","wr_monarchy","gwf_regimetype","gwf_party","gwf_personal","gwf_military","gwf_monarch","gdppcgr_onset","d_gdppcgr_max","d_gdppcgr_total","d_gdppcgr","vdem_index","ers_onset","mi_onset","kaopen_onset","d_ers","d_mi","d_kaopen","ers_mi_onset","d_ers_mi","mi_kaopen_onset","d_mi_kaopen","ers_kaopen_onset","d_ers_kaopen","ers_mi_policy","mi_kaopen_policy","ers_kaopen_policy","latam","mideast","africa","asia","southeastasia","europe","exussr","time","time2"
"12","Algeria","1988-1991","DZA","615","26","-9","7","1","0","1","1","1992","0","0","26","1","1","1","1","7","1","0","1","0","party-military","1","0","0","0","-3.31327","-4.65859","-11.026615540727","-2.7566538851817","0.216925825","0.390913546","0.5","0","-0.30695237219334","0.0014774799346924","0.164809227","0.42037235877558","-0.11752794404477","0.6954111023589","-0.058025212948872","0.79784648273377","-0.11921562839117","0","1","0","0","1","0","0","0","0","0","1","4"
"12","Algeria","1994-1995","DZA","615","2","-7","4","1","1","0","0","","1","0","2","1","1","1","1","2","1","0","0","0","military","0","0","1","0","-4.48593","-3.05545","-1.3272721634927","-0.66363608174636","0.189835351","0.43192449212074","0.64633530378342","0.16480922698975","-0.33514308184385","0.080101191997528","0","0.33395337995575","-0.1830216303579","0.73787026735077","0.055003257874784","0.69716295337895","0.17390991565494","0","0","1","0","1","0","0","0","0","0","1","2"
"24","Angola","1991-2005","AGO","540","0","-7","5","0","0","0","0","","0","0","16","0","1","0","1","6","0","0","1","0","party-based","1","0","0","0","1.71102","-26.28907","19.214869728071","1.2809913152048","0.080091707","1","","","-0.98593009635806","","0.16480922698975","","","","","","","","","","0","0","1","0","0","0","0","1","15"
"24","Angola","2009-2010","AGO","540","12","-2","0","0","0","0","0","","0","0","34","0","0","0","0","6","0","0","1","0","party-based","1","0","0","0","10.63416","-0.45248","0.056606805949088","0.028303402974544","0.217877108","0.94363379478455","0.71077769994736","0","-0.658376545","-0.21016424894333","0","0.48325228294076","-0.21230283741005","0.84014627914398","-0.14431393706409","0.51103306768963","0.34163978182234","0","0","1","0","0","1","0","0","0","0","1","2"
"32","Argentina","1962","ARG","160","5","-1","0","1","0","1","0","","0","0","4","0","1","0","1","1","1","0","0","0","indirect military","0","0","1","0","5.43894","-3.14932","-3.1493241595159","-3.1493241595159","0.546438386","0.82026898860931","","","-0.725334026","","","","","","","","","","","","1","0","0","0","0","0","0","1","1"
"32","Argentina","1964-1965","ARG","160","7","-1","-8","1","0","1","1","1966","0","0","6","0","1","0","1","1","1","0","0","0","indirect military","0","0","1","0","-3.90671","7.50273","16.777879197434","8.3889395987169","0.551912635","0.18811435997486","","","0.137932077","","","","","","","","","","","","1","0","0","0","0","0","0","1","2"
"32","Argentina","1967","ARG","160","1","-9","0","0","0","0","0","","1","0","1","0","0","0","0","2","1","0","0","0","military","0","0","1","0","-0.78709","1.23956","1.239560333158","1.239560333158","0.326691747","0.20190799236298","","","0.798092008","","","","","","","","","","","","1","0","0","0","0","0","0","1","1"
"32","Argentina","1969-1971","ARG","160","3","-9","0","1","1","1","0","","1","0","3","0","0","0","0","2","1","0","0","0","military","0","0","1","0","2.79429","3.12205","7.000668994242","2.333556331414","0.112793716","1","","","-0.73919367790222","","-0.41280460357666","","","","","","","","","","1","0","0","0","0","0","0","1","3"
"32","Argentina","1977-1983","ARG","160","1","-9","17","1","1","1","1","1983","1","1","1","1","1","1","1","2","1","0","0","0","military","0","0","1","0","-1.9365399342525","-7.30468","-7.2584285887418","-1.0369183698203","0.075582212","0.040481436997652","0.40029519796371","0","0.56460477039218","0.22876507043839","0.412804574","0.42335756159899","-0.1608452150958","0.48160841017135","0.19544928116644","0.97969006488064","-0.49186305634859","0","1","0","1","0","0","0","0","0","0","1","7"
"31","Azerbaijan","1994-1995","AZE","373","0","-3","-3","0","0","0","0","","1","0","1","1","0","0","1","10","0","1","0","0","personal","0","1","0","0","-24.292009049338","-20.788904471829","-31.009709693254","-15.504854846627","0.39734","","0.49722394347191","","","-0.27440312457578","","","","","","","","","","","0","0","0","0","0","0","1","1","2"
"50","Bangladesh","1976","BGD","771","1","-7","0","0","0","0","0","","1","0","1","0","0","0","0","10","0","1","0","0","personal","0","1","0","0","-3.28022","2.20113","2.2011271398748","2.2011271398748","0.205605489","0.068571105599403","0.44216775894165","0","0.105837524","0.057832241","0","0.33833749995345","-0.00013569330667768","","","","","","","","0","0","0","1","0","0","0","1","1"
"112","Belarus","1994-1995","BLR","370","3","7","-14","1","1","0","1","1994","1","0","3","1","0","0","1","6","0","0","1","0","party-based","1","0","0","0","-7.76446","-11.5963919","-20.560017256293","-10.280008628147","0.568568435","0.026091387495399","0.45053052902222","","0.22257437743247","-0.24169646203518","","0.31638690729922","0.25291711747123","","","","","","","","0","0","0","0","0","0","1","1","2"
"112","Belarus","1998-1999","BLR","370","2","-7","0","0","0","0","0","","0","0","4","0","0","0","0","10","0","1","0","0","personal","0","1","0","0","11.88492","3.73734","12.907594952798","6.453797476399","0.413885688","0.10774792730808","0.32737770676613","0","0.46672914922237","0.10529145598412","0","0.43320580036939","0.10375898177287","0.57687618080652","0.07230071065215","0.94478464600124","-0.24219156346119","1","0","0","0","0","0","0","0","0","1","1","2"
"112","Belarus","2008-2009","BLR","370","12","-7","0","0","0","0","0","","0","0","14","0","0","0","0","10","0","1","0","0","personal","0","1","0","0","8.91736","0.31632","10.835102516458","5.417551258229","0.227187778","1","0.64741897583008","0.41280457377434","-0.86900030076504","-0.22892963886261","-0.24799534678459","0.54880100264459","-0.33717137256667","0.65130142649242","0.094562695419806","0.28290132739923","0.57041524568544","0","0","1","0","0","0","0","0","0","1","1","2"
"68","Bolivia","1963","BOL","145","7","-3","0","0","0","0","0","","0","0","11","0","0","0","0","6","0","0","1","0","party-based","1","0","0","0","3.1928","4.00286","4.00286","4.00286","0.306253089","1","0.5","","0","0","","0.65154018170621","0","","","","","","","","1","0","0","0","0","0","0","1","1"
"68","Bolivia","1972","BOL","145","1","-7","0","0","0","0","0","","1","0","1","0","0","0","0","3","1","1","0","0","military-personal","0","0","1","0","1.28866","2.5424","2.5424","2.5424","0.10964571","1","0.5","0.71581500768661","0","0","0","0.65154018170621","0","0.44339051460625","0","0.13691576596426","0","1","1","1","1","0","0","0","0","0","0","1","1"
"68","Bolivia","1979","BOL","145","1","-4","-3","1","1","1","1","1979","0","1","8","0","0","0","0","3","1","1","0","0","military-personal","0","0","1","0","0.8701","-2.31771","-2.31771","-2.31771","0.151485334","1","0.40962713956833","0.71581500768661","0","0.083314866","0","0.71452280275563","-0.058063766014887","0.3813339880647","0.057209998198998","0.13691576596426","0","0","1","0","1","0","0","0","0","0","0","1","1"
"68","Bolivia","1981-1982","BOL","145","1","-7","15","1","1","1","1","1982","1","1","1","0","1","0","1","2","1","0","0","0","military","0","0","1","0","-3.0019320064518","-6.005571294","-6.9170114766093","-3.4585057383046","0.14834","1","0.49294200539589","0.71581500768661","-0.978480551","0.119715303","-0.53400874169217","0.65645903674074","-0.28621629129764","0.4385439862637","0.19085461862335","0.13691576596426","0.76502257092008","0","0","1","1","0","0","0","0","0","0","1","2"
"72","Botswana","1984","BWA","571","18","6","0","0","0","0","0","","0","0","18","0","0","0","0","6","0","0","1","0","party-based","1","0","0","0","11.58394169","7.28926138","7.28926138","7.28926138","0.62672","0.43111902475357","0.51421135663986","0.16480922698975","-0.150106847","0.013707936","0","0.42572745251247","-0.06652368725184","0.64714443225464","0.0094128577801508","0.69758092041893","0.077892310971047","0","0","1","0","0","1","0","0","0","0","1","1"
"76","Brazil","1965","BRA","140","0","-9","0","0","0","0","0","","1","0","1","0","0","0","0","2","1","0","0","0","military","0","0","1","0","0.36313256153183","-0.96214","-0.96214","-0.96214","0.27945","0.046250030398369","0.5","","0.95374997","0","","0.28956151237948","0.36197866932673","","","","","","","","1","0","0","0","0","0","0","1","1"
"76","Brazil","1967-1969","BRA","140","2","-9","0","1","1","0","0","","1","0","3","0","0","0","0","2","1","0","0","0","military","0","0","1","0","3.19979","1.07804","13.183285418404","4.3944284728014","0.217168922","1","0.5","","-0.85162629187107","0.12052500247955","","0.65154018170621","-0.4072157027579","","","","","","","","1","0","0","0","0","0","0","1","3"
"76","Brazil","1971","BRA","140","6","-9","0","0","0","0","0","","0","0","7","0","0","0","0","2","1","0","0","0","military","0","0","1","0","6.8842","7.25459","7.25459","7.25459","0.19403254","0.49403688311577","0.62052500247955","0","0.002464384","-0.120525002","0","0.37551472807539","0.084931553548212","0.77817226516339","-0.082761162804496","0.74433449989245","-0.0012787994414091","1","0","0","1","0","0","0","0","0","0","1","1"
"76","Brazil","1974-1975","BRA","140","0","-9","5","1","1","0","0","","0","0","10","0","0","0","0","2","1","0","0","0","military","0","0","1","0","9.67366","2.60837","7.9188503720232","3.9594251860116","0.194585866","0.47968032956123","0.5","0","0.13549098372459","-0.097411394119263","0","0.45406219697965","0.11931108251892","0.6954111023589","-0.066889691614693","0.75178429418338","-0.070307957490609","1","0","0","1","0","0","0","0","0","0","1","2"
"76","Brazil","1977-1985","BRA","140","3","-4","11","1","1","0","1","1985","0","1","13","0","1","0","1","2","1","0","0","0","military","0","0","1","0","6.7402","-6.64988","9.941388530985","1.104598725665","0.207524445","0.44946750998497","0.30071660876274","0","-0.32940793037415","0.36971881985664","0","0.58147997260315","-0.34757522251248","0.55856874726982","0.25387561761082","0.76746210222674","0.17093387418967","0","1","0","1","0","0","0","0","0","0","1","9"
"854","Burkina Faso","1994","BFA","439","14","-5","0","0","0","0","0","","0","0","7","1","0","0","1","10","0","1","0","0","personal","0","1","0","0","0.0708","-2.20958","-2.20958","-2.20958","0.576890532","1","0.40186539292336","0.41280457377434","0","0.098134607","0","0.71993211640673","-0.068391934700521","0.48268661932311","0.067386301812385","0.28290132739923","0","0","1","0","0","0","1","0","0","0","0","1","1"
"108","Burundi","1996-1997","BDI","516","0","-5","4","1","0","1","1","1996","1","0","0","1","0","0","1","2","1","0","0","0","military","0","0","1","0","-13.32652","-8.74446","-8.6915850211716","-4.3457925105858","0.266926833","0.31808719038963","0.5","0.16480922698975","-0.15278495848179","-0.032355844974518","0","0.39273242360718","-0.03543736288656","0.63738588941002","-0.022217857693614","0.75623454582694","0.079282016196566","0","0","1","0","0","1","0","0","0","0","1","2"
"120","Cameroon","1994-1996","CMR","471","2","-4","0","0","0","0","0","","0","0","11","1","0","0","1","10","0","1","0","0","personal","0","1","0","0","-5.7494","-5.02149","-2.0052150189366","-0.6684050063122","0.316303449","1","0.16530676186085","0.41280457377434","0","0.1967920511961","-0.247995347","0.88479447159847","-0.13714824480291","0.32024839509246","0.22244458953655","0.28290132739923","0.11948017586777","0","1","0","0","0","1","0","0","0","0","1","3"
"148","Chad","1994-1996","TCD","483","2","-4","2","0","0","0","0","","0","0","4","1","0","0","1","10","0","1","0","0","personal","0","1","0","0","-3.58305","-3.64508","-1.2236928760411","-0.40789762534703","0.181414875","1","0.16530676186085","0.41280457377434","0","0.1967920511961","-0.247995347","0.88479447159847","-0.13714824480291","0.32024839509246","0.22244458953655","0.28290132739923","0.11948017586777","0","1","0","0","0","1","0","0","0","0","1","3"
"152","Chile","1974-1979","CHL","155","1","-7","0","0","0","0","0","","1","0","1","1","1","1","1","3","1","1","0","0","military-personal","0","0","1","0","-7.2741186009896","-14.39694","6.1780027265141","1.0296671210857","0.40648","0.027465736493468","","0","0.53033121910864","","0.41280457377434","","","","","0.9864440738383","-0.47407808387727","","","","1","0","0","0","0","0","0","1","6"
"152","Chile","1982-1985","CHL","155","9","-7","1","0","0","0","0","","0","0","9","1","1","1","1","3","1","1","0","0","military-personal","0","0","1","0","4.43684","-15.12863","-15.219550762689","-3.8048876906722","0.077428487","1","0.55686056613922","0.41280457377434","-0.93631117045879","0.29485070705414","-0.41280457377434","0.6119129366163","-0.45599881401969","0.58911748844179","0.34780395071109","0.28290132739923","0.68474613270014","0","0","1","1","0","0","0","0","0","0","1","4"
"152","Chile","1987","CHL","155","14","-6","5","0","0","0","0","","0","0","14","0","1","0","1","3","1","1","0","0","military-personal","0","0","1","0","3.93404","4.83651","4.83651","4.83651","0.085123004","0.51490879058838","0.37774729728699","0","-0.092179209","0.018016219","0","0.5526328357215","-0.047540819909197","0.61146357591733","0.012371235964467","0.73350380737704","0.047832938615572","0","0","1","1","0","0","0","0","0","0","1","1"
"152","Chile","1989","CHL","155","0","-1","9","0","0","0","1","1989","0","1","16","0","1","0","1","3","1","1","0","0","military-personal","0","0","1","0","5.47702","8.69317","8.69317","8.69317","0.129794889","0.46642684936523","0.60086381435394","0","-0.110559046","-0.031730354","0","0.37873810379114","-0.019847193444152","0.76467147480523","-0.021788350344986","0.75866168998204","0.057370464894148","0","0","1","1","0","0","0","0","0","0","1","1"
"156","China","1984","CHN","710","35","-7","0","0","0","0","0","","0","0","35","0","0","0","0","6","0","0","1","0","party-based","1","0","0","0","6.04441","10.98124","10.98124","10.98124","0.110835945","0.58604323863983","0.5","0.16480922698975","-0.294331104","0.036738038","0","0.49443032858763","-0.13731154360117","","","","","","","","0","0","0","1","0","0","0","1","1"
"156","China","1986","CHN","710","37","-7","0","0","0","0","0","","0","0","37","0","0","0","0","6","0","0","1","0","party-based","1","0","0","0","8.83283","5.12474","5.12474","5.12474","0.110835945","0.31738209724426","0.53673803806305","0.16480922698975","-0.126434505","0","0","0.36686135803318","-0.047985945300593","0.66261287706157","0","0.75660042743418","0.065608437975161","0","0","1","0","0","0","1","0","0","0","1","1"
"156","China","1989","CHN","710","40","-7","0","0","0","0","0","","0","0","40","0","0","0","0","6","0","0","1","0","party-based","1","0","0","0","5.35295","0.22674","0.22674","0.22674","0.115488814","1","0.48942995071411","0","0","-0.093445987","0","0.65890665661324","0.065124342958646","0.68815294387058","-0.064166756638209","0.48178394238805","0","1","0","0","0","0","0","1","0","0","0","1","1"
"156","China","1994","CHN","710","45","-7","0","0","0","0","0","","0","0","45","0","0","0","0","6","0","0","1","0","party-based","1","0","0","0","8.4255","8.77393","8.77393","8.77393","0.109710894","0.73172229528427","0.489825963974","0.16480922698975","0.05854255","0.082865775","0","0.55681068328185","-0.035532012401722","0.63039966219904","0.056901619781023","0.54159414266426","-0.030378457490189","0","1","0","0","0","0","1","0","0","0","1","1"
"180","Congo, Democratic Republic","1976","COD","490","","","","0","0","0","0","","0","0","16","0","1","0","1","10","0","1","0","0","personal","0","1","0","0","-7.62936","-8.3203","-8.3203","-8.3203","0.161878727","1","","0.16480922698975","-0.94066247","","0","","","","","0.402381503267","0.48812146104243","","","","0","0","1","0","0","0","0","1","1"
"180","Congo, Democratic Republic","1983","COD","490","","","","0","0","0","0","","0","0","23","1","0","0","1","10","0","1","0","0","personal","0","1","0","0","-3.20894","-1.17401","-1.17401","-1.17401","0.16417996","0.39606556296349","0.33651748299599","0.16480922698975","-0.373411445","0.054494172","-0.164809227","0.53626189057796","-0.17969966534469","0.52512699766884","0.095444843529267","0.71577059794349","0.27317028459787","0","0","1","0","0","1","0","0","0","0","1","1"
"180","Congo, Democratic Republic","1989","COD","490","","","","0","0","0","0","","0","0","29","0","0","0","0","10","0","1","0","0","personal","0","1","0","0","-2.57916","-3.76659","-3.76659","-3.76659","0.165660033","0.18806391954422","0.5","0.16480922698975","0.058344081","0","0","0.34338442668741","0.022143447960781","0.63738588941002","0","0.82370523906489","-0.030275469681601","1","0","0","0","0","1","0","0","0","0","1","1"
"180","Congo, Democratic Republic","1994-1997","COD","490","","","","1","0","1","1","1997","0","0","34","1","0","0","1","10","0","1","0","0","personal","0","1","0","0","-16.35448","-7.14933","-18.855319039209","-4.7138297598022","0.224465529","0.016848791390657","0.35035797953606","0.16480922698975","0.10255724564195","0.38000908493996","0.060602068901062","0.38269126275079","-0.24725181346524","0.5346308812107","0.23960518106844","0.91255089964728","-0.053238673513502","0","1","0","0","0","1","0","0","0","0","1","4"
"180","Congo, Democratic Republic","1999","COD","490","","","","0","0","0","0","","1","0","2","1","0","0","1","10","0","1","0","0","personal","0","1","0","0","-3.8473","-7.16935","-7.16935","-7.16935","0.167361069","0.099797867238522","0.62989914417267","0.22541129589081","-0.027663037","-0.138049155","0","0.2193553676548","0.085710158396406","0.70524753925243","-0.094794510650363","0.840310488308","0.014354694229169","1","0","0","0","0","1","0","0","0","0","1","1"
"180","Congo, Democratic Republic","2009","COD","490","","","","0","0","0","0","","0","0","12","0","0","0","0","10","0","1","0","0","personal","0","1","0","0","3.21645","0.06988","0.06988","0.06988","0.445631775","0.26874601840973","0.87677484750748","0.16480922698975","-0.09139286","-0.000764966","0","0.11142407826767","-0.034153398474121","0.89610668471136","-0.0005252808568994","0.7818382939638","0.047424892242192","0","0","1","0","0","1","0","0","0","0","1","1"
"384","Cote d'Ivoire","1994","CIV","437","34","-7","1","0","0","0","0","","0","0","34","0","1","0","1","6","0","0","1","0","party-based","1","0","0","0","9.41198","-3.44647","-3.44647","-3.44647","0.358584943","1","0.40186539292336","0.41280457377434","0","0.098134607","0","0.71993211640673","-0.068391934700521","0.48268661932311","0.067386301812385","0.28290132739923","0","0","1","0","0","0","1","0","0","0","0","1","1"
"218","Ecuador","1971","ECU","130","0","0","-5","0","0","0","1","1972","1","0","1","0","0","0","0","10","0","1","0","0","personal","0","1","0","0","3.3545151224128","3.18614","3.18614","3.18614","0.38925","1","0.5","0.65521293878555","0","0","-0.164809227","0.65154018170621","0","0.46472698961651","0.058025212948872","0.16611286963628","0.079402439121048","0","0","1","1","0","0","0","0","0","0","1","1"
"818","Egypt","1962","EGY","651","10","-7","0","0","0","0","0","","0","0","10","0","0","0","0","8","1","1","1","0","party-personal-military","1","0","0","0","3.97513","4.19958","4.19958","4.19958","0.203844182","1","","","0","","","","","","","","","","","","0","1","0","0","0","0","0","1","1"
"818","Egypt","1979","EGY","651","27","-6","0","0","0","0","0","","0","0","27","1","0","0","1","8","1","1","1","0","party-personal-military","1","0","0","0","4.35631","4.6578","4.6578","4.6578","0.223376049","1","0.27846631407738","0","0","0.150725722","0","0.80593135759131","-0.10504371561873","0.5432900895389","0.10349915607993","0.48178394238805","0","0","1","0","0","1","0","0","0","0","0","1","1"
"818","Egypt","1989-1991","EGY","651","37","-6","0","0","0","0","0","","0","0","37","0","0","0","0","8","1","1","1","0","party-personal-military","1","0","0","0","1.83814","-0.19644","0.85578173928617","0.28526057976206","0.231920327","1","0.58355575799942","0","-0.92321308","-0.13956582546234","0","0.59330853320645","-0.25312277687036","0.75278651450391","-0.095835965695105","0.48178394238805","0.47906675535872","0","0","1","0","1","0","0","0","0","0","1","3"
"818","Egypt","2001","EGY","651","49","-6","0","0","0","0","0","","0","0","49","0","0","0","0","8","1","1","1","0","party-personal-military","1","0","0","0","3.14336","1.32288","1.32288","1.32288","0.21891327","0.45217415690422","0.16465370357037","0.8351908326149","-0.192690343","-0.038318843","0.164809167","0.67733214226321","-0.046427004484247","0.17108830490448","-0.084337674102115","0.36367605747554","0.020587006223115","0","0","1","0","1","0","0","0","0","0","1","1"
"818","Egypt","2003","EGY","651","51","-6","0","0","0","0","0","","0","0","51","0","0","0","0","8","1","1","1","0","party-personal-military","1","0","0","0","0.98737","0.99787","0.99787","0.99787","0.216178482","0.93965280056","0.12563253939152","1","-0.771945104","0.067556351","-0.284184992","0.88954052073659","-0.340059246123","0.086268366166495","0.14644350388371","0.031314912743784","0.53748768643716","0","0","1","0","1","0","0","0","0","0","1","1"
"222","El Salvador","1973","SLV","92","9","-1","0","0","0","0","0","","0","0","25","0","0","0","0","7","1","0","1","0","party-military","1","0","0","0","3.41836","1.92297","1.92297","1.92297","0.190545908","1","","0.16480922698975","0","","0","","","","","0.402381503267","0","","","","1","0","0","0","0","0","0","1","1"
"222","El Salvador","1988-1989","SLV","92","4","6","0","1","1","0","0","","0","0","6","1","1","1","1","1","1","0","0","0","indirect military","0","0","1","0","0.756295313","-0.684287265","-0.63329510123716","-0.31664755061858","0.21901","1","0.5","0","0","0.136903822","0","0.65154018170621","-0.095410962169811","0.6954111023589","0.094008042339178","0.48178394238805","0","0","1","0","1","0","0","0","0","0","0","1","2"
"231","Ethiopia (1993-)","1993","ETH","530","0","0","1","0","0","0","0","","1","0","2","0","0","0","0","6","0","0","1","0","party-based","1","0","0","0","-11.88963575","9.175556877","9.175556877","9.175556877","0.247502203","1","0.61767095327377","0.16480922698975","0","0","-0.164809227","0.56953298371373","0","0.7181872561049","0.058025212948873","0.402381503267","0.079402439121047","0","0","1","0","0","1","0","0","0","0","1","1"
"266","Gabon","1994","GAB","481","3","-4","0","0","0","0","0","","0","0","34","0","1","0","1","9","0","1","1","0","party-personal","1","0","0","0","-0.30787","0.95162","0.95162","0.95162","0.377524096","1","0.16530676186085","0.41280457377434","0","0.052263677","0","0.88479447159847","-0.036423582865346","0.32024839509246","0.035888011631786","0.28290132739923","0","0","1","0","0","0","1","0","0","0","0","1","1"
"270","Gambia","1985","GMB","420","20","7","0","0","0","0","0","","0","0","20","0","1","0","1","6","0","0","1","0","party-based","1","0","0","0","-5.960492469","-11.55639515","-11.55639515","-11.55639515","0.54024","1","0.61352491378784","0","0","-0.014259696","0","0.57242244004555","0.0099378621588911","0.77336549919831","-0.009791736141715","0.48178394238805","0","1","0","0","0","0","1","0","0","0","0","1","1"
"270","Gambia","2003","GMB","420","6","-5","0","0","0","0","0","","0","0","9","0","0","0","0","10","0","1","0","0","personal","0","1","0","0","-6.16205","3.47506","3.47506","3.47506","0.317521687","0.26942446827888","0.64584720134735","1","-0.083712742","-0.021955669","0","0.27261958296887","-0.016470330633997","0.44348528751621","-0.015076346426911","0.37910473461714","0.043439583397824","0","0","1","0","0","1","0","0","0","0","1","1"
"268","Georgia","1999","GEO","372","8","5","0","0","0","0","0","","0","0","7","0","0","0","0","10","0","1","0","0","personal","0","1","0","0","3.84154","3.57752","3.57752","3.57752","0.417451209","0.17070278525352","0.73302870988846","0.63080048561096","-0.056639038","0.179925501","0.060602069","0.17439303620503","-0.14688994452131","0.63333633037546","0.1022133561723","0.60820704199161","0.00019359797022334","0","1","0","0","0","0","0","0","0","1","1","1"
"288","Ghana","1967","GHA","452","7","-7","0","0","0","0","0","","1","0","1","0","1","0","1","2","1","0","0","0","military","0","0","1","0","-2.7572","-1.12521","-1.12521","-1.12521","0.302433733","1","0.3796965777874","","0","0.142863601","","0.73538199899486","-0.099564449201446","","","","","","","","0","0","1","0","0","0","0","1","1"
"288","Ghana","1978","GHA","452","0","-7","13","1","0","1","1","1979","0","1","6","0","1","0","1","2","1","0","0","0","military","0","0","1","0","0.30392","6.647","6.647","6.647","0.129510087","1","0.5","0.16480922698975","0","0","-0.164809227","0.65154018170621","0","0.63738588941002","0.058025212948872","0.402381503267","0.079402439121047","0","0","1","0","0","1","0","0","0","0","1","1"
"288","Ghana","1983-1989","GHA","452","2","-7","0","0","0","0","0","","1","0","2","1","1","1","1","10","0","1","0","0","personal","0","1","0","0","-8.76747","-10.44311","1.4666269164658","0.20951813092369","0.127135047","1","0.5","0","-0.93601715564728","0.28184819221497","0","0.65154018170621","-0.47940119406807","0.6954111023589","0.1935373046436","0.48178394238805","0.48571094976694","0","0","1","0","0","1","0","0","0","0","1","7"
"288","Ghana","1992-1997","GHA","452","0","-4","6","0","0","0","0","","0","0","11","0","0","0","0","10","0","1","0","0","personal","0","1","0","0","2.7658","1.13593","14.374613391106","2.0535161987294","0.12032401","0.59421819448471","0.65011620521545","0","-0.36352731287479","-0.22888749837875","0.41280457377434","0.39291405505209","0.052862615446673","0.79849172002192","-0.26903081316252","0.69234917077714","0.18863884634736","0","0","1","0","0","1","0","0","0","0","1","6"
"288","Ghana","1999-2000","GHA","452","3","2","0","0","0","0","1","2000","0","1","18","0","0","0","0","10","0","1","0","0","personal","0","1","0","0","3.18512","2.15907","4.9367033482613","2.4683516741306","0.642091786","0.60110688209534","0.29071065783501","0.16480922698975","-0.41201289","-0.151460454","0","0.64600531616531","-0.050816327186284","0.49367272646608","-0.10400367577783","0.60937210593281","0.21379861565746","0","0","1","0","0","1","0","0","0","0","1","2"
"320","Guatemala","1986","GTM","90","0","-1","4","1","1","0","0","","1","0","1","0","1","0","1","1","1","0","0","0","indirect military","0","0","1","0","-3.24343","-2.93301","-2.93301","-2.93301","0.199874084","1","0.5","0","0","0","0","0.65154018170621","0","0.6954111023589","0","0.48178394238805","0","1","1","1","1","0","0","0","0","0","0","1","1"
"320","Guatemala","1989-1991","GTM","90","3","3","0","1","1","0","0","","0","0","4","0","1","0","1","1","1","0","0","0","indirect military","0","0","1","0","-0.21518","0.38893","2.4236916747315","0.8078972249105","0.40680194","1","0.50378429889679","0.16480922698975","-0.88418177515268","0.097858786582947","0.30859744548798","0.64890282949432","-0.391956198094","0.63998446207673","-0.11856293864216","0.402381503267","0.36034095298679","0","0","1","1","0","0","0","0","0","0","1","3"
"324","Guinea","1982","GIN","438","24","-9","0","0","0","0","0","","0","0","24","0","0","0","0","6","0","0","1","0","party-based","1","0","0","0","-1.42953","-0.21939","-0.21939","-0.21939","0.148981681","0.37237638235092","","0.16480922698975","0.026713043","","0","","","","","0.72806320854909","-0.013861730661258","","","","0","0","1","0","0","0","0","1","1"
"324","Guinea","2005","GIN","438","10","-1","0","0","0","0","0","","0","0","21","0","0","0","0","10","0","1","0","0","personal","0","1","0","0","0.23154","0.95902","0.95902","0.95902","0.325324215","1","0.21292364597321","0","-0.759651557","0","0.164809227","0.85160933002745","-0.2883121031489","0.49828376459374","-0.058025212948872","0.48178394238805","0.31479020663056","0","0","1","0","0","1","0","0","0","0","1","1"
"624","Guinea-Bissau","1980","GNB","404","6","-7","0","1","0","1","1","","0","0","6","0","0","0","0","6","0","0","1","0","party-based","1","0","0","0","0.22885","-17.79243","-17.79243","-17.79243","0.103302961","0.43935909867287","0.40044993162155","","-0.084286183","-0.119130969","","0.5081373955385","0.051035404834076","","","","","","","","0","0","1","0","0","0","0","1","1"
"624","Guinea-Bissau","1994-1997","GNB","404","0","5","0","0","0","0","0","","0","0","14","1","1","1","1","10","0","1","0","0","personal","0","1","0","0","-1.04946","0.23677","7.9607608324218","2.6535869441406","0.124483855","0.19560165703297","0.62695771455765","0","0.145799413","-0.126957715","0.22541129589081","0.25776591526393","0.14381487271146","0.7825894294083","-0.16654001500853","0.89919625240419","-0.16346147086954","1","0","0","0","0","1","0","0","0","0","1","4"
"332","Haiti","1992-1993","HTI","41","1","-7","14","1","0","1","1","1994","1","1","1","1","1","1","1","2","1","0","0","0","military","0","0","1","0","-1.7025684044351","-15.36632","-18.954775526747","-9.4773877633736","0.31876","0.079759523272514","","0.41280457377434","0.177564397","","0","","","","","0.76042556215131","-0.092140375432182","","","","1","0","0","0","0","0","0","1","2"
"332","Haiti","2003","HTI","41","3","-2","2","1","0","1","1","2004","0","1","4","0","0","0","0","10","0","1","0","0","personal","0","1","0","0","-2.35042","-1.48756","-1.48756","-1.48756","0.435984562","0.19220441579819","0.51469957828522","0.69698959589005","-0.014877006","0.177468061","0.060602069","0.33471145291084","-0.12932727744646","0.46011226301456","0.1005259006285","0.56516072784448","-0.021477239917128","0","1","0","1","0","0","0","0","0","0","1","1"
"348","Hungary","1968","HUN","310","10","-7","0","0","0","0","0","","0","0","21","0","0","0","0","6","0","0","1","0","party-based","1","0","0","0","5.3332255451391","0.82064987126421","0.82064987126421","0.82064987126421","0.13434","1","","","0","","","","","","","","","","","","0","0","0","0","0","1","0","1","1"
"348","Hungary","1982","HUN","310","24","-7","0","0","0","0","0","","0","0","35","0","0","0","0","6","0","0","1","0","party-based","1","0","0","0","0.69929","3.66361","3.66361","3.66361","0.142876063","0.38198322057724","0.62382704019547","","-0.058615446","0","","0.33068551828629","-0.022246439689813","","","","","","","","0","0","0","0","0","1","0","1","1"
"348","Hungary","1989","HUN","310","0","-2","6","1","1","0","1","1990","0","1","42","0","0","0","0","6","0","0","1","0","party-based","1","0","0","0","3.17887","-1.82137","-1.82137","-1.82137","0.174652315","0.26769980788231","0.65509361028671","0","-0.055956274","0.116084933","0","0.26552101513662","-0.1021390683062","0.80190956547283","0.07971229093352","0.86178362474646","0.029036407033371","0","1","0","0","0","0","0","0","1","0","1","1"
"360","Indonesia","1967-1968","IDN","850","0","-6","-1","0","0","0","0","","1","0","1","0","1","0","1","8","1","1","1","0","party-personal-military","1","0","0","0","-2.5940346614184","-3.143066346498","5.4825906735751","2.7412953367876","0.14164","","","","","","","","","","","","","","","","0","0","0","0","1","0","0","1","2"
"360","Indonesia","1978","IDN","850","11","-7","0","0","0","0","0","","0","0","12","0","0","0","0","8","1","1","1","0","party-personal-military","1","0","0","0","5.06718","2.48561","2.48561","2.48561","0.209554567","1","","0.4678196310997","0","","0.247995377","","","","","0.25639595619031","-0.11948019022605","","","","0","0","0","0","1","0","0","1","1"
"360","Indonesia","1983","IDN","850","16","-7","0","0","0","0","0","","0","0","17","0","0","0","0","8","1","1","1","0","party-personal-military","1","0","0","0","-5.55628","1.06479","1.06479","1.06479","0.201083687","0.7060432434082","","1","-0.607533284","","0","","","","","0.15253781896324","0.3152565809065","","","","0","0","0","0","1","0","0","1","1"
"360","Indonesia","1997-1998","IDN","850","30","-7","13","1","1","0","1","1999","0","1","31","1","1","1","1","8","1","1","1","0","party-personal-military","1","0","0","0","6.00424","-14.47234","-11.887802339553","-5.9439011697766","0.199823366","0.66272616386414","0.38468614220619","0.93939793109894","-0.63172160089016","0.07838100194931","-0.28601336479187","0.60389844731455","-0.29438384577757","0.28548973606629","0.15452021424216","0.20421269424398","0.46560484624587","0","0","1","0","0","0","0","1","0","0","1","2"
"364","Iran","1985","IRN","630","3","-6","0","0","0","0","0","","0","0","6","0","1","0","1","6","0","0","1","0","","1","0","0","0","-2.21173","-1.41962","-1.41962","-1.41962","0.125373042","0.45803344249725","","0.16480922698975","-0.0693416","","0","","","","","0.68361469413148","0.03598221908928","","","","0","1","0","0","0","0","0","1","1"
"364","Iran","1993","IRN","630","11","-6","0","0","0","0","0","","0","0","14","0","1","0","1","6","0","0","1","0","","1","0","0","0","1.21664","-2.80739","-2.80739","-2.80739","0.193049636","0.33479809761047","","0","-0.323829176","","0","","","","","0.82696548724228","0.16803898907387","","","","0","1","0","0","0","0","0","1","1"
"364","Iran","2000","IRN","630","3","3","0","0","0","0","0","","0","0","21","0","0","0","0","6","0","0","1","0","","1","0","0","0","0.65567","3.87525","3.87525","3.87525","0.285154341","0.67411708831787","","0","-0.557246722","","0","","","","","0.65088864051346","0.28916225851271","","","","0","1","0","0","0","0","0","1","1"
"400","Jordan","1989","JOR","663","0","-9","5","0","0","0","0","","0","0","43","1","1","1","1","4","0","0","0","1","monarchy","0","0","0","1","-4.30052","-13.62088","-13.62088","-13.62088","0.139580839","0.18349525332451","0.63357865810394","0.16480922698975","0.078997612","0.024577737","0","0.24855688162626","0.012853417211128","0.72911063401164","0.016876847453548","0.82607597681831","-0.040992843904735","0","1","0","0","1","0","0","0","0","0","1","1"
"398","Kazakhstan","1999","KAZ","705","8","-4","0","0","0","0","0","","0","0","8","0","0","0","0","10","0","1","0","0","personal","0","1","0","0","-0.58969","3.55843","3.55843","3.55843","0.305988846","0.56994438171387","0.9679080247879","0.16480922698975","-0.457939006","-0.01661098","0","0.16222600602384","-0.16222600602384","0.95868529965954","-0.011406297404215","0.62554271516372","0.2376302489609","0","0","1","0","0","0","0","0","0","1","1","1"
"404","Kenya","1976","KEN","501","7","-7","0","0","0","0","0","","0","0","13","0","0","0","0","6","0","0","1","0","party-based","1","0","0","0","-4.03381","0.16632","0.16632","0.16632","0.230012122","1","0.33568859100342","0.16480922698975","-0.343873143","0.189555049","0","0.7660520291513","-0.26261551053657","0.52455782062065","0.13016217335164","0.402381503267","0.17844005312661","0","0","1","0","0","1","0","0","0","0","1","1"
"404","Kenya","1981-1982","KEN","501","12","-6","-1","0","0","0","0","","0","0","18","0","0","0","0","6","0","0","1","0","party-based","1","0","0","0","1.44699","-1.65703","0.30506817427208","0.15253408713604","0.228409489","0.36810076236725","0.78691875934601","0.16480922698975","-0.18437574803829","-0.29684615135193","0","0.21175485899407","0.14278024502252","0.8344050112966","-0.20383598551755","0.73028188096399","0.095674870009985","1","0","0","0","0","1","0","0","0","0","1","2"
"404","Kenya","1989","KEN","501","20","-7","0","0","0","0","0","","0","0","26","0","0","0","0","6","0","0","1","0","party-based","1","0","0","0","2.53387","1.23966","1.23966","1.23966","0.196013808","0.37507885694504","0.41152161359787","0.16480922698975","-0.044639796","0.252857089","0","0.47602491183857","-0.19316330334533","0.57663024542696","0.17362992144374","0.72666086085288","0.023164145647101","0","1","0","0","0","1","0","0","0","0","1","1"
"404","Kenya","1991-1993","KEN","501","22","-7","2","0","0","0","0","","0","0","28","1","1","1","1","6","0","0","1","0","party-based","1","0","0","0","1.08387","-4.66215","-9.4744109892524","-3.1581369964175","0.215366333","0.43548446893692","0.66185349225998","0.16480922698975","-0.33909057080746","-0.14044314622879","-0.16480922698975","0.32448957493703","-0.10316505259689","0.7485261752248","-0.038413184484794","0.69531563710905","0.25536075592135","0","0","1","0","0","1","0","0","0","0","1","3"
"404","Kenya","1999","KEN","501","2","-2","0","0","0","0","0","","0","0","36","0","1","0","1","6","0","0","1","0","party-based","1","0","0","0","0.94234","0.0551","0.0551","0.0551","0.405494058","0.25447636842728","0.15761302411556","0.69698959589005","0.044214755","0.147639319","0","0.60720628553991","-0.086111824583171","0.21491087046578","0.10137980908201","0.53284703671945","-0.022943586727345","0","1","0","0","0","1","0","0","0","0","1","1"
"410","Korea, South","1962-1963","KOR","732","1","-7","10","0","0","0","0","","1","0","1","0","0","0","0","2","1","0","0","0","military","0","0","1","0","1.6473073963795","-0.11335","5.529260745861","2.7646303729305","0.23410","1","","","0","","","","","","","","","","","","0","0","0","1","0","0","0","1","2"
"410","Korea, South","1966","KOR","732","3","3","0","0","0","0","0","","0","0","5","0","0","0","0","2","1","0","0","0","military","0","0","1","0","3.3594","9.2598","9.2598","9.2598","0.318967027","1","0.36529290676117","","0","0.01083073","","0.74542020017198","-0.0075481485548319","","","","","","","","0","0","0","1","0","0","0","1","1"
"410","Korea, South","1970","KOR","732","7","3","0","0","0","0","0","","0","0","9","0","0","0","0","2","1","0","0","0","military","0","0","1","0","12.58009","6.24144","6.24144","6.24144","0.312911894","0.45250365138054","0.64214062690735","","0.437085062","-0.00248909","","0.34468718288585","0.16762247996184","","","","","","","","0","0","0","1","0","0","0","1","1"
"410","Korea, South","1975","KOR","732","3","-8","0","0","0","0","0","","0","0","14","0","0","0","0","2","1","0","0","0","military","0","0","1","0","6.76243","4.85709","4.85709","4.85709","0.220902992","1","0.58341437578201","0.16480922698975","0","0","0","0.59340706525003","0","0.69466421832358","0","0.402381503267","0","1","1","1","0","0","0","1","0","0","0","1","1"
"410","Korea, South","1979-1980","KOR","732","7","-8","0","1","0","1","0","","0","0","18","0","0","0","0","2","1","0","0","0","military","0","0","1","0","7.66499","-4.19013","1.2349796554459","0.61748982772294","0.215879352","1","0.33789867162704","0.41280457377434","-0.83318688","0.05606535077095","0","0.76451178056625","-0.35529415806161","0.43876245316371","0.038498515058176","0.28290132739923","0.43235103999653","0","0","1","0","0","0","1","0","0","0","1","2"
"417","Kyrgyzstan","1997","KGZ","703","6","-3","0","0","0","0","0","","0","0","6","1","0","0","1","10","0","1","0","0","personal","0","1","0","0","5.58892","8.41133","8.41133","8.41133","0.309554758","0.13174624741077","0.71682572364807","","0.236183777","0.073027909","","0.17089996130189","0.038744726641887","","","","","","","","0","0","0","0","0","0","1","1","1"
"418","Laos","1978","LAO","812","3","-7","0","0","0","0","0","","1","0","3","0","0","0","0","6","0","0","1","0","party-based","1","0","0","0","2.03852","1.82619","1.82619","1.82619","0.071011551","1","","","0","","","","","","","","","","","","0","0","0","0","1","0","0","1","1"
"418","Laos","1986","LAO","812","11","-7","0","0","0","0","0","","0","0","11","0","0","0","0","6","0","0","1","0","party-based","1","0","0","0","0.83171","0.22946","0.22946","0.22946","0.07070829","1","0.57091403007507","0","0","0","0","0.60211880163733","0","0.74410579198698","0","0.48178394238805","0","1","1","1","0","0","0","0","1","0","0","1","1"
"418","Laos","1997","LAO","812","22","-7","0","0","0","0","0","","0","0","22","0","0","0","0","6","0","0","1","0","party-based","1","0","0","0","-0.18308","2.61409","2.61409","2.61409","0.094605184","0.60162681341171","0.38828203082085","0.41280457377434","-0.515473485","0.067528516","-0.164809197","0.57820324095458","-0.24270065095748","0.47335930283881","0.10439515388644","0.489622131235","0.34688803062485","0","0","1","0","0","0","0","1","0","0","1","1"
"426","Lesotho","1985","LSO","570","15","-7","0","1","0","1","1","1986","0","0","15","0","0","0","0","6","0","0","1","0","party-based","1","0","0","0","5.8001","0.9314","0.9314","0.9314","0.13586578","1","0.20896787941456","0.41280457377434","0","-0.139240883","-0.164809197","0.85436618141993","0.15828089654081","0.35022926863529","-0.037587634498704","0.28290132739923","0.079402424762766","1","0","0","0","0","1","0","0","0","0","1","1"
"434","Libya","2002","LBY","620","51","-7","0","0","0","0","0","","0","0","33","0","0","0","0","10","0","1","0","0","personal","0","1","0","0","3.37031","-1.02062","-1.02062","-1.02062","0.076323826","0.17943854629993","0.5","0.16480922698975","-0.133586414","0","0","0.34011082120492","-0.050700323961599","0.63738588941002","0","0.82818105257461","0.069319652642412","0","0","1","0","1","0","0","0","0","0","1","1"
"450","Madagascar","1984-1987","MDG","580","9","-6","0","0","0","0","0","","0","0","9","1","1","1","1","10","0","1","0","0","personal","0","1","0","0","-2.04313","-6.40718","-9.8080518885994","-2.4520129721498","0.203095749","0.22274520993233","0.70757937431335","0.16480922698975","-0.15452895313501","-0.32013031840324","0","0.21188094538557","0.23787638468607","0.77992486504969","-0.21982457461074","0.80570868591207","0.047540561183453","1","0","0","0","0","1","0","0","0","0","1","4"
"454","Malawi","1994","MWI","553","0","-8","14","1","1","0","1","1994","0","1","30","0","0","0","0","10","0","1","0","0","personal","0","1","0","0","7.7532","-8.79554","-8.79554","-8.79554","0.279751285","0.35538524389267","0.52937376499176","0.16480922698975","-0.302186739","-0.256406814","0","0.38641707622855","0.064005394858551","0.65755603582488","-0.1760674186225","0.73688012173106","0.15680845909207","0","0","1","0","0","1","0","0","0","0","1","1"
"458","Malaysia (1966-)","1997-1998","MYS","820","26","3","0","0","0","0","0","","0","0","40","1","0","0","1","6","0","0","1","0","party-based","1","0","0","0","7.27184","-9.76252","-5.6448987480427","-2.8224493740214","0.282760039","0.5804877281189","0.53518605232239","0.65521293878555","-0.48134275525808","-0.176289499","-0.12120419740677","0.46779998356223","-0.1319794599607","0.48888827187987","-0.099716614483617","0.38380300788311","0.30816898154395","0","0","1","0","0","0","0","1","0","0","1","2"
"478","Mauritania","1993","MRT","435","31","-6","0","0","0","0","0","","0","0","15","0","1","0","1","10","0","1","0","0","personal","0","1","0","0","-1.75433","1.69536","1.69536","1.69536","0.225517285","0.083925403654575","0.59404706954956","0","0.248680018","0","0.164809227","0.23831727402625","0.094382033900396","0.75999060598178","-0.058025212948871","0.95714644997009","-0.20844559495207","1","0","0","0","0","1","0","0","0","0","1","1"
"484","Mexico","1976-1977","MEX","70","46","-6","3","1","1","0","0","","0","0","61","0","","0","0","6","0","0","1","0","party-based","1","0","0","0","2.90371","0.9441","2.6158239308097","1.3079119654048","0.286738783","1","","1","-0.941889618","","0","","","","","0","0.48875824334642","","","","1","0","0","0","0","0","0","1","2"
"484","Mexico","1982-1987","MEX","70","5","-3","3","1","1","0","0","","0","0","67","1","1","1","1","6","0","0","1","0","party-based","1","0","0","0","6.27241","-6.54232","-13.382688423938","-2.2304480706563","0.340271015","0.78156048059464","0.59242582321167","1","-0.739133548","0.18431562185287","-1","0.50422201468928","-0.39026849747174","0.40680231483693","0.47863943111082","0.11335098485844","0.77398156089621","0","0","1","1","0","0","0","0","0","0","1","6"
"484","Mexico","1989","MEX","70","1","0","0","0","0","0","0","","0","0","74","0","1","0","1","6","0","0","1","0","party-based","1","0","0","0","-0.80892","2.21722","2.21722","2.21722","0.393175565","0.56380760669708","0.41830548644066","0.24799537658691","0.36170733","-0.121133626","0","0.54292570458999","0.22169992214311","0.55200077617149","-0.083179087288664","0.58864941298032","-0.18769443445625","1","0","0","1","0","0","0","0","0","0","1","1"
"484","Mexico","1994-1995","MEX","70","0","4","0","1","1","0","0","","0","0","79","1","0","0","1","6","0","0","1","0","party-based","1","0","0","0","0.08971","-7.72527","-5.3269578862336","-2.6634789431168","0.514781262","0.76366591453552","0.4898094534874","0.69698959589005","-0.689034298","-0.28471232950687","0","0.56894581666702","-0.089416972575396","0.4430209074598","-0.19550402796103","0.26862224494135","0.35754847153674","0","0","1","1","0","0","0","0","0","0","1","2"
"484","Mexico","1998","MEX","70","1","6","0","0","0","0","0","","0","0","83","1","0","0","1","6","0","0","1","0","party-based","1","0","0","0","5.10566","5.10566","5.10566","5.10566","0.604566249","0.40784415602684","0.62588238716125","0.69698959589005","-0.190075636","0.192780435","0","0.33906816015133","-0.20649226415647","0.53645840163433","0.13237695619482","0.453262583241","0.098632612755451","0","1","0","1","0","0","0","0","0","0","1","1"
"504","Morocco","1981-1982","MAR","600","16","-8","0","0","0","0","0","","0","0","25","1","1","1","1","4","0","0","0","1","monarchy","0","0","0","1","7.07924","-4.523","2.8510225360591","1.4255112680296","0.185591233","0.54318070411682","0.62544482946396","0","-0.24229010939598","0.142956495","0","0.39073765856147","-0.14873947989046","0.78155057334551","0.098164244238469","0.71883315963433","0.12572735279887","0","0","1","0","1","0","0","0","0","0","1","2"
"504","Morocco","1985","MAR","600","20","-8","0","0","0","0","0","","0","0","29","1","1","1","1","4","0","0","0","1","monarchy","0","0","0","1","1.42207","3.49114","3.49114","3.49114","0.187025488","0.3456791639328","0.65552645921707","0","-0.055251211","-0.138238251","0","0.29481501811019","0.075371347131737","0.80220679077927","-0.094924357425999","0.82131916652475","0.028670540890925","1","0","0","0","1","0","0","0","0","0","1","1"
"508","Mozambique","1987","MOZ","541","12","-7","0","0","0","0","0","","0","0","12","1","0","0","1","6","0","0","1","0","party-based","1","0","0","0","0.85232","5.59431","5.59431","5.59431","0.086275479","0.46936443448067","","","-0.449596925","","","","","","","","","","","","0","0","1","0","0","0","0","1","1"
"104","Myanmar","1975","MMR","775","12","-6","0","0","0","0","0","","0","0","13","0","0","0","0","3","1","1","0","0","military-personal","0","0","1","0","3.29923","2.30883","2.30883","2.30883","0.084686627","1","","0.16480922698975","-0.883209445","","0","","","","","0.402381503267","0.45830837136166","","","","0","0","0","0","1","0","0","1","1"
"104","Myanmar","1990","MMR","775","27","-6","1","0","0","0","0","","1","0","2","0","0","0","0","2","1","0","0","0","military","0","0","1","0","2.28703","1.45088","1.45088","1.45088","0.100089483","0.29728198051453","0.57310557365417","0.16480922698975","0.139160335","0","0","0.33388747008693","0.052815805520336","0.68758545098345","0","0.76703062812904","-0.072212029561624","1","0","0","0","0","0","0","1","0","0","1","1"
"104","Myanmar","1996","MMR","775","33","-7","0","0","0","0","0","","0","0","8","0","0","0","0","2","1","0","0","0","military","0","0","1","0","5.0607","4.69892","4.69892","4.69892","0.109197162","0.33457478880882","0.56681174039841","0.16480922698975","0.155986011","0","-0.164809227","0.35242758159216","0.059201688603134","0.68326365095832","0.058025212948871","0.74767892583724","-0.0015406430754709","1","0","0","0","0","0","0","1","0","0","1","1"
"104","Myanmar","2001","MMR","775","38","-7","0","0","0","0","0","","0","0","13","0","1","0","1","2","1","0","0","0","military","0","0","1","0","12.17015","9.85681","9.85681","9.85681","0.107871556","0.27384147047997","0.73819154500961","0","0.182920307","-0.089762449","0","0.20993939038832","0.13198133032534","0.85897060312339","-0.0616373741919","0.85859663959832","-0.094919623502862","1","0","0","0","0","0","0","1","0","0","1","1"
"524","Nepal","1984","NPL","790","3","-2","0","0","0","0","0","","0","0","33","0","0","0","0","4","0","0","0","1","monarchy","0","0","0","1","-5.29157","6.95859","6.95859","6.95859","0.132625397","0.48120808601379","0.5","0.16480922698975","0.056059182","0","0","0.45464202949905","0.021276255453246","0.63738588941002","0","0.67158908322786","-0.029089806973765","1","0","0","0","0","0","1","0","0","0","1","1"
"558","Nicaragua","1979","NIC","93","0","-8","8","1","0","1","1","1979","0","0","43","0","1","0","1","10","0","1","0","0","personal","0","1","0","0","-9.77923","-28.80475","-28.80475","-28.80475","0.182678172","1","","0.24240835011005","0","","-0.060602084","","","","","0.36499549180424","0.029197110851166","","","","1","0","0","0","0","0","0","1","1"
"558","Nicaragua","1985-1986","NIC","93","1","-1","0","0","0","0","0","","0","0","6","0","1","0","1","6","0","0","1","0","party-based","1","0","0","0","-4.34571","-6.24268","-10.215932548982","-5.1079662744909","0.247943487","1","","0","0","","0","","","","","0.48178394238805","0","","","","1","0","0","0","0","0","0","1","2"
"558","Nicaragua","1988-1990","NIC","93","4","-1","7","1","1","0","1","1990","0","1","9","1","1","1","1","6","0","0","1","0","party-based","1","0","0","0","-3.09592","-13.39884","-20.326969740858","-6.7756565802859","0.425625145","1","","0","-0.993108694","","0.16480922698975","","","","","0.48178394238805","0.51533645968858","","","","1","0","0","0","0","0","0","1","3"
"566","Nigeria","1973","NGA","475","7","-7","0","0","0","0","0","","0","0","7","0","0","0","0","2","1","0","0","0","military","0","0","1","0","0.76246","5.43454","5.43454","5.43454","0.186495579","1","0.5","0.16480922698975","0","0","0","0.65154018170621","0","0.63738588941002","0","0.402381503267","0","1","1","1","0","0","1","0","0","0","0","1","1"
"566","Nigeria","1985-1990","NGA","475","1","-7","2","1","0","1","0","","1","0","2","0","1","0","1","2","1","0","0","0","military","0","0","1","0","-6.27156","-3.30273","16.05501584038","2.6758359733967","0.209530583","0.50099897384644","0.5","0.16480922698975","-0.46373483911157","0.21742355823517","-0.16480922698975","0.46215330548414","-0.23951665762436","0.63738588941002","0.20732391554534","0.66131934525572","0.28650911281282","0","0","1","0","0","1","0","0","0","0","1","6"
"566","Nigeria","1992","NGA","475","8","-5","0","1","1","1","1","1993","0","0","9","1","1","1","1","2","1","0","0","0","military","0","0","1","0","-3.15348","-2.11522","-2.11522","-2.11522","0.222556768","0.13005377352238","0.73942840099335","0","-0.071630951","0.048573256","0","0.15450536355706","-0.061037896393053","0.85981991768327","0.033353901903339","0.93320986482898","0.037170191851009","0","0","1","0","0","1","0","0","0","0","1","1"
"566","Nigeria","1997","NGA","475","13","-6","0","1","1","0","0","","0","0","4","0","0","0","0","3","1","1","0","0","military-personal","0","0","1","0","2.42518","0.31646","0.31646","0.31646","0.205929482","1","0.49109843373299","0","0","0.160239905","0.060602106","0.65774385803407","-0.11167433644232","0.68929864469548","0.088695792334373","0.48178394238805","-0.029197121619876","0","1","0","0","0","1","0","0","0","0","1","1"
"566","Nigeria","1999","NGA","475","0","-1","5","1","1","0","1","1999","0","1","6","0","0","0","0","3","1","1","0","0","military-personal","0","0","1","0","0.26002","-1.95032","-1.95032","-1.95032","0.250306704","1","0.62164795398712","0.22541129589081","-0.97502993","0.110492527","0.060602099","0.56676133382188","-0.44705950833653","0.69958167673239","0.054535656108612","0.37318439959498","0.47675804606435","0","0","1","0","0","1","0","0","0","0","1","1"
"600","Paraguay","1984-1986","PRY","150","30","-8","0","0","0","0","0","","0","0","30","0","1","0","1","8","1","1","1","0","party-personal-military","1","0","0","0","-5.73374","-2.98308","-1.789213187881","-0.59640439596033","0.168043944","1","","0.12120418250561","-0.928744122","","0","","","","","0.42338971350658","0.48193688230277","","","","1","0","0","0","0","0","0","1","3"
"600","Paraguay","1989","PRY","150","0","-8","10","1","0","1","0","","0","0","35","0","1","0","1","8","1","1","1","0","party-personal-military","1","0","0","0","3.44395","2.83408","2.83408","2.83408","0.173976875","1","","0","-0.945217516","","0.164809227","","","","","0.48178394238805","0.41108269226306","","","","1","0","0","0","0","0","0","1","1"
"600","Paraguay","1992-1993","PRY","150","0","2","5","1","1","0","1","1993","0","1","38","0","1","0","1","8","1","1","1","0","party-personal-military","1","0","0","0","-0.387519891","-1.149358529","-0.068321777302586","-0.034160888651293","0.4333","0.34630808234215","0.55549848079681","0.16480922698975","0.178715616","0.21723067760468","0.247995347","0.36476517516482","-0.1031895150127","0.67549515064324","0.061853288564353","0.7415903738149","-0.21221793317008","0","1","0","1","0","0","0","0","0","0","1","2"
"604","Peru","1976-1980","PER","135","8","-7","14","1","1","0","1","1980","0","1","8","0","1","0","1","2","1","0","0","0","military","0","0","1","0","5.01633","-2.66142","-1.4596031957728","-0.29192063915456","0.10429057","1","0.47829404473305","0","-0.912875891","-0.28096880018711","0.42980164289474","0.66666748816264","-0.28294236655828","0.68050622734775","-0.3015829148976","0.48178394238805","0.47370265943477","0","0","1","1","0","0","0","0","0","0","1","5"
"604","Peru","1993","PER","135","0","-3","4","0","0","0","0","","1","0","1","0","1","0","1","10","0","1","0","0","personal","0","1","0","0","-2.493262975","2.6155721552024","2.6155721552024","2.6155721552024","0.30280","0.19101703166962","0.43483644723892","0.69698959589005","0.156279504","0.089648545","0.060602069","0.38991898685864","-0.0047242917899304","0.40527247496544","0.04022268414989","0.56577687624448","-0.110292483179","0","1","0","1","0","0","0","0","0","0","1","1"
"604","Peru","1998","PER","135","5","1","0","0","0","0","0","","0","0","6","0","1","0","1","10","0","1","0","0","personal","0","1","0","0","5.10811","-2.18964","-2.18964","-2.18964","0.42262132","0.53559052944183","0.53164803981781","1","-0.00453037","0.020898759","0","0.45322576865459","-0.016284176428398","0.36506790352913","0.01435059606424","0.24098785333649","0.0023508654906343","0","1","0","1","0","0","0","0","0","0","1","1"
"608","Philippines","1983-1984","PHL","840","0","-7","1","0","0","0","0","","0","0","11","1","1","1","1","10","0","1","0","0","personal","0","1","0","0","1.01909","-9.58411","-10.093347488784","-5.0466737443922","0.188379421","0.59475368261337","0.43645861744881","0.16480922698975","-0.47909031808376","-0.18488368391991","0","0.54201945837319","-0.086662737138381","0.593753791522","-0.12695447707945","0.61266886020257","0.24860592780449","0","0","1","0","0","0","0","1","0","0","1","2"
"642","Romania","1973","ROU","360","24","-7","0","0","0","0","0","","0","0","28","0","0","0","0","9","0","1","1","0","party-personal","1","0","0","0","5.43866","2.36996","2.36996","2.36996","0.189091399","1","","","0","","","","","","","","","","","","0","0","0","0","0","1","0","1","1"
"642","Romania","1983","ROU","360","34","-8","0","0","0","0","0","","0","0","38","0","1","0","1","9","0","1","1","0","party-personal","1","0","0","0","-0.36367","-1.11306","-1.11306","-1.11306","0.189254148","1","","0","-0.754401833","","0","","","","","0.48178394238805","0.39146849874887","","","","0","0","0","0","0","1","0","1","1"
"643","Russia","1995-1996","RUS","365","3","3","0","0","0","0","0","","1","0","2","0","1","0","1","10","0","1","0","0","personal","0","1","0","0","-12.778171704484","-4.18779","-7.5442850811694","-3.7721425405847","0.55906","","","","","","","","","","","","","","","","0","0","0","0","0","0","1","1","2"
"643","Russia","1998-1999","RUS","365","6","3","0","1","1","0","0","","0","0","5","1","1","1","1","10","0","1","0","0","personal","0","1","0","0","1.53372","-5.2051","1.1265903094078","0.56329515470391","0.545684836","0.76503026485443","0.5445881485939","0.41280457377434","-0.718579385","0.11144888401031","-0.41280457377434","0.53128728303719","-0.3082210639812","0.58069036107753","0.22186702622817","0.40483004690557","0.45801514329368","0","0","1","0","0","0","0","0","0","1","1","2"
"643","Russia","2008","RUS","365","8","4","0","0","0","0","0","","0","0","15","1","0","0","1","10","0","1","0","0","personal","0","1","0","0","8.75946","5.28352","5.28352","5.28352","0.337398313","0.47524937987328","0.7036172747612","0.41280457377434","-0.218647897","0.004989326","0","0.31047563248653","-0.086461041221328","0.68989123334983","0.0034260312208549","0.55520095412593","0.11345911471168","0","0","1","0","0","0","0","0","0","1","1","1"
"646","Rwanda","1991","RWA","517","30","-7","0","0","0","0","0","","0","0","18","0","0","0","0","3","1","1","0","0","military-personal","0","0","1","0","-3.22686","-6.17938","-6.17938","-6.17938","0.242731878","0.062131803482771","0.65023070573807","0.16480922698975","0.24563979","-0.142892718","0","0.19089042523168","0.19281291127716","0.7405451313933","-0.098120450369304","0.88905298117552","-0.12746554366929","1","0","0","0","0","1","0","0","0","0","1","1"
"686","Senegal","1994","SEN","433","16","-1","0","0","0","0","0","","0","0","34","0","0","0","0","6","0","0","1","0","party-based","1","0","0","0","-1.26654","-2.52896","-2.52896","-2.52896","0.667436005","1","0.40186539292336","0.41280457377434","0","0.098134607","0","0.71993211640673","-0.068391934700521","0.48268661932311","0.067386301812385","0.28290132739923","0","0","1","0","0","0","1","0","0","0","0","1","1"
"694","Sierra Leone","1983","SLE","451","12","-7","0","0","0","0","0","","0","0","15","0","0","0","0","6","0","0","1","0","party-based","1","0","0","0","-0.3543","-3.47145","-3.47145","-3.47145","0.188774106","0.36053270101547","0.34144231677055","0","-0.311385825","0","0.164809227","0.51934381771654","-0.11818089674784","0.5865339568232","-0.058025212948872","0.81361148129666","0.082179540468165","0","0","1","0","0","1","0","0","0","0","1","1"
"694","Sierra Leone","1989-1991","SLE","451","18","-7","1","1","0","1","1","1992","0","0","21","1","0","0","1","6","0","0","1","0","party-based","1","0","0","0","0.30814","-10.40556","-10.46360492403","-3.4878683080099","0.198290799","0.10218462347984","0.70290350914001","0.41280457377434","-0.050640657544136","-0.17465537786484","0","0.16938304261198","0.13953953055154","0.68940111037481","-0.11993098415082","0.74878889859808","0.026278067366805","1","0","0","0","0","1","0","0","0","0","1","3"
"694","Sierra Leone","1998","SLE","451","0","0","0","1","0","1","1","1998","1","1","1","0","1","0","1","10","0","1","0","0","personal","0","1","0","0","-20.11354","-2.82494","-2.82494","-2.82494","0.511792114","0.10037440061569","0.73715597391129","0.16480922698975","0.041956827","-0.054305196","0","0.14482478973921","0.053770317387167","0.80023429234003","-0.037289865662458","0.86920842163629","-0.02177191965984","1","0","0","0","0","1","0","0","0","0","1","1"
"710","South Africa","1967","ZAF","560","57","4","0","0","0","0","0","","0","0","57","0","0","0","0","5","0","0","1","0","oligarchy","1","0","0","0","1.563211342","4.022589156","4.022589156","4.022589156","0.222249329","1","0.330110908","","0","0.195267022","","0.769939226","-0.136085422","","","","","","","","0","0","1","0","0","0","0","1","1"
"710","South Africa","1981","ZAF","560","71","4","0","0","0","0","0","","0","0","71","0","0","0","0","5","0","0","1","0","oligarchy","1","0","0","0","3.743007941","2.060547222","2.060547222","2.060547222","0.215403974","0.591706097","0.73009634","0","-0.292696685","-0.184725761","0","0.336220907","0.017651241","0.853411851","-0.126846036","0.693652729","0.151883952","0","0","1","0","0","1","0","0","0","0","1","1"
"710","South Africa","1984-1985","ZAF","560","74","4","0","0","0","0","0","","0","0","74","0","1","0","1","5","0","0","1","0","oligarchy","1","0","0","0","-4.884178532","-4.284781554","-2.563253867","-1.281626933","0.21076091","0.32413578","0.278951645","0.164809227","-0.219813846","-0.039813295","-0.164809227","0.549080997","-0.069278159","0.48559814","0.04408501","0.753095857","0.193466579","0","0","1","0","0","1","0","0","0","0","1","2"
"710","South Africa","1988","ZAF","560","78","4","0","1","1","0","0","","0","0","78","0","1","0","1","5","0","0","1","0","oligarchy","1","0","0","0","-0.369023271","1.711189021","1.711189021","1.711189021","0.207900936","0.306696802","0.326882273","0","-0.085214451","0.246195525","0","0.50905855","-0.20392011","0.57653598","0.169055611","0.841547599","0.044218839","0","1","0","0","0","1","0","0","0","0","1","1"
"724","Spain","1967","ESP","230","28","-7","0","0","0","0","0","","0","0","28","0","0","0","0","10","0","1","0","0","personal","0","1","0","0","6.24745","5.42234","5.42234","5.42234","0.085357672","1","0.56393724679947","","-0.818251774","0","","0.60698105890231","-0.31055276295035","","","","","","","","0","0","0","0","0","1","0","1","1"
"144","Sri Lanka","1980","LKA","780","32","6","0","0","0","0","0","","1","0","2","0","1","0","1","6","0","0","1","0","party-based","1","0","0","0","4.476685126","3.638196541","3.638196541","3.638196541","0.59327","0.66692471504211","0.42713549733162","0.41280457377434","-0.280824006","-0.054353952","-0.247995347","0.57590814285072","-0.06870137029548","0.50003889629464","0.049989622813025","0.45573823751859","0.26520324692073","0","0","1","0","0","0","1","0","0","0","1","1"
"144","Sri Lanka","1983","LKA","780","35","5","0","0","0","0","0","","0","0","5","0","1","0","1","6","0","0","1","0","party-based","1","0","0","0","3.317547956","3.733437345","3.733437345","3.733437345","0.54599","0.70281380414963","0.45509642362595","0.16480922698975","-0.39879176","0.104893744","0","0.57004268337571","-0.22445675927348","0.60655185399544","0.072027612902606","0.55659511844833","0.20693800689481","0","0","1","0","0","0","1","0","0","0","1","1"
"144","Sri Lanka","1989","LKA","780","41","5","0","1","1","0","0","","0","0","11","1","0","0","1","6","0","0","1","0","party-based","1","0","0","0","1.183503545","1.223244033","1.223244033","1.223244033","0.48423","0.52804976701736","0.49320644140244","0.16480922698975","-0.243682295","0.052286804","0","0.47715451252404","-0.12892493822954","0.63272094190911","0.035903892025466","0.64728235206203","0.1264497752766","0","0","1","0","0","0","1","0","0","0","1","1"
"736","Sudan (-2011)","1981","SDN","625","10","-7","0","0","0","0","0","","0","0","12","0","0","0","0","10","0","1","0","0","personal","0","1","0","0","-2.61126","-1.21969","-1.21969","-1.21969","0.198627091","1","0.62063473463058","0","0","0","0","0.56746746628762","0","0.77824761517567","0","0.48178394238805","0","1","1","1","0","0","1","0","0","0","0","1","1"
"736","Sudan (-2011)","1994","SDN","625","5","-7","0","0","0","0","0","","0","0","5","0","0","0","0","10","0","1","0","0","personal","0","1","0","0","2.63976","0.02832","0.02832","0.02832","0.095917334","0.11898698657751","","0","-0.057418801","","0","","","","","0.93895255828863","0.029795330295728","","","","0","0","1","0","0","0","0","1","1"
"748","Swaziland","1985-1986","SWZ","572","12","-10","0","1","1","0","0","","0","0","17","0","0","0","0","4","0","0","0","1","monarchy","0","0","0","1","-1.49766","-0.12573","2.3398246489672","1.1699123244836","0.096958284","1","0.070383496582508","0.41280457377434","0","-0.025216278","0","0.95094835913996","0.01757371908293","0.25506723226305","-0.017315315662204","0.28290132739923","0","1","0","0","0","0","1","0","0","0","0","1","2"
"760","Syria","1988","SYR","652","25","-9","0","0","0","0","0","","0","0","25","0","0","0","0","8","1","1","1","0","party-personal-military","1","0","0","0","-1.59042","9.48133","9.48133","9.48133","0.156729562","1","","0","0","","0","","","","","0.48178394238805","0","","","","0","1","0","0","0","0","0","1","1"
"158","Taiwan","1998","TWN","713","6","9","0","0","0","0","0","","0","0","49","1","0","0","1","6","0","0","1","0","party-based","1","0","0","0","4.59422598","2.538070582","2.538070582","2.538070582","0.69661","0.29296603798866","0.26087656617165","","-0.046358392","-0.073346481","","0.54984795805274","0.033522107853272","","","","","","","","0","0","0","1","0","0","0","1","1"
"762","Tajikistan","1999","TJK","702","1","-1","0","0","0","0","0","","0","0","8","0","0","0","0","10","0","1","0","0","personal","0","1","0","0","3.22438","1.54922","1.54922","1.54922","0.210386814","0.19851402938366","0.55690395832062","0.16480922698975","-0.00845252","-0.095833302","0","0.30769309221475","0.063580107632293","0.67646025291889","-0.065806059390347","0.8182825470291","0.0043861176932459","1","0","0","0","0","0","0","0","0","1","1","1"
"834","Tanzania","1985","TZA","510","24","-6","0","1","1","0","0","","0","0","21","0","1","0","1","6","0","0","1","0","party-based","1","0","0","0","-0.51244","-3.16197","-3.16197","-3.16197","0.276170309","0.10154078155756","0.49916157126427","0.16480922698975","0.277284525","0.131682545","0","0.31113044127734","0.013466209526955","0.63681016374588","0.090422736499763","0.86860317205123","-0.14388639069646","0","1","0","0","0","1","0","0","0","0","1","1"
"834","Tanzania","1990","TZA","510","29","-6","0","0","0","0","0","","0","0","26","0","0","0","0","6","0","0","1","0","party-based","1","0","0","0","0.30843","0.59891","0.59891","0.59891","0.26776777","0.14359001815319","0.62533366680145","0.16480922698975","0.561912015","","0","0.23915766275286","","0.72344902809197","","0.84678329992536","-0.29158313700078","","","","0","0","1","0","0","0","0","1","1"
"764","Thailand","1984","THA","800","6","2","0","0","0","0","0","","0","0","8","1","0","0","1","3","1","1","0","0","military-personal","0","0","1","0","3.74196","3.99559","3.99559","3.99559","0.338334612","1","0.25047647953033","0.41280457377434","0","0.014997363","0","0.82543802291198","-0.010451956834814","0.37873206839712","0.010298271585457","0.28290132739923","0","0","1","0","0","0","0","0","1","0","0","1","1"
"768","Togo","1994","TGO","461","1","-2","0","0","0","0","0","","0","0","31","1","0","0","1","10","0","1","0","0","personal","0","1","0","0","-15.91671","16.70927","16.70927","16.70927","0.31143993","1","0.40186539292336","0.16480922698975","0","0.098134607","0","0.71993211640673","-0.068391934700521","0.56999958759764","0.067386301812385","0.402381503267","0","0","1","0","0","0","1","0","0","0","0","1","1"
"788","Tunisia","1965","TUN","616","6","-9","0","0","0","0","0","","0","0","9","0","0","0","0","6","0","0","1","0","party-based","1","0","0","0","2.12768","4.02838","4.02838","4.02838","0.20359243","1","0.5","","0","-0.117153615","","0.651540182","0.081646655","","","","","","","","0","1","0","0","0","0","0","1","1"
"788","Tunisia","1974","TUN","616","15","-9","0","0","0","0","0","","0","0","18","0","0","0","0","6","0","0","1","0","party-based","1","0","0","0","-2.89314","5.50315","5.50315","5.50315","0.200516074","0.484373182","0.5","0.164809227","-0.21342966","0","0","0.455843285","-0.081003394","0.637385889","0","0.669946676","0.110751306","0","0","1","0","1","0","0","0","0","0","1","1"
"788","Tunisia","1978","TUN","616","19","-9","0","0","0","0","0","","0","0","22","0","1","0","1","6","0","0","1","0","party-based","1","0","0","0","0.90125","4.17043","4.17043","4.17043","0.204347099","0.542772114","0.574131668","0.164809227","-0.271329403","0","0","0.426343736","-0.102978201","0.688290041","0","0.639642743","0.140796204","0","0","1","0","1","0","0","0","0","0","1","1"
"788","Tunisia","1986","TUN","616","27","-8","3","1","0","1","0","","0","0","30","0","0","0","0","6","0","0","1","0","party-based","1","0","0","0","3.05089","-3.94154","-3.94154","-3.94154","0.21261835","0.244620487","0.825884819","0.164809227","-0.04303278","-0.093427241","0","0.137733926","0.04877896","0.861161919","-0.064153885","0.794357332","0.022330245","1","0","0","0","1","0","0","0","0","0","1","1"
"792","Turkey","1981-1983","TUR","640","1","-5","12","1","1","0","1","1983","1","1","1","1","1","1","1","2","1","0","0","0","military","0","0","1","0","-2.6954154918838","1.136374969","5.1700148517944","1.7233382839315","0.27993","0.048862036317587","0.47943499684334","0","0.35599568858743","0.093164831","0.16480922698975","0.30488500683459","0.15737974090781","0.68128968738849","-0.079965757221423","0.9753412676062","-0.26413303190293","1","0","0","0","1","0","0","0","0","0","1","3"
"795","Turkmenistan","2008","TKM","701","17","-9","0","0","0","0","0","  ","0","0","17","0","0","0","0","9","0","1","1","0","party-personal","1","0","0","0","9.78167","13.43805","13.43805","13.43805","0.089149073","","","0","","","0.164809227","","","","","","","","","","0","0","0","0","0","0","1","1","1"
"800","Uganda","1988","UGA","500","2","-7","0","0","0","0","0","","1","0","2","0","0","0","0","10","0","1","0","0","personal","0","1","0","0","2.15775","2.85058","2.85058","2.85058","0.132901634","1","0.7144096493721","0.16480922698975","-0.963428624","-0.129332662","0","0.50211388678493","-0.27551755720086","0.78461502472201","-0.08880913706523","0.402381503267","0.49993510178734","0","0","1","0","0","1","0","0","0","0","1","1"
"858","Uruguay","1974-1984","URY","165","1","-8","17","1","1","1","1","1984","1","1","1","1","1","1","1","2","1","0","0","0","military","0","0","1","0","0.5944309785363","-13.11674","10.305622037151","0.93687473065008","0.34211","0.22526568174362","","0","0.64394354820251","","0.93939793109894","","","","","0.88380322084575","-0.78673715904583","","","","1","0","0","0","0","0","0","1","11"
"860","Uzbekistan","2000","UZB","704","9","-9","0","0","0","0","0","","0","0","9","0","0","0","0","9","0","1","1","0","party-personal","1","0","0","0","2.78327","2.3895","2.3895","2.3895","0.164067835","0.3694218993187","","0.16480922698975","0.464768827","","-0.164809227","","","","","0.72959632655979","-0.16177188872494","","","","0","0","0","0","0","0","1","1","1"
"862","Venezuela","2010-2011","VEN","101","1","-3","0","0","0","0","0","","0","0","5","0","0","0","0","10","0","1","0","0","personal","0","1","0","0","-4.64632","-2.96661","-0.319099409","-0.1595497045","0.494794956","1","0.60842299461365","0.060602106153965","0","-0.31871318817139","-0.060602106","0.57597806770233","0.22211747927607","0.74852566525432","-0.19751498261891","0.45258682076817","0.029197121619876","1","0","0","1","0","0","0","0","0","0","1","2"
"704","Vietnam","1981","VNM","816","27","-7","0","0","0","0","0","","0","0","27","0","0","0","0","6","0","0","1","0","party-based","1","0","0","0","-4.76336","1.28191","1.28191","1.28191","0.163173894","0.35507854819298","","0","-0.327704446","","0","","","","","0.81644170906717","0.17004991515246","","","","0","0","0","0","1","0","0","1","1"
"704","Vietnam","1987","VNM","816","33","-7","0","0","0","0","0","","0","0","33","0","0","0","0","6","0","0","1","0","party-based","1","0","0","0","0.58459","1.34252","1.34252","1.34252","0.174324277","1","","0","0","","0","","","","","0.48178394238805","0","","","","0","0","0","0","1","0","0","1","1"
"887","Yemen","1995","YEM","679","","","","0","0","0","0","","0","0","17","1","0","0","1","10","0","1","0","0","personal","0","1","0","0","2.94822","2.35041","2.35041","2.35041","0.375078752","1","","","0","","","","","","","","","","","","0","1","0","0","0","0","0","1","1"
"894","Zambia","1977","ZMB","551","","","","0","0","0","0","","0","0","10","0","0","0","0","6","0","0","1","0","party-based","1","0","0","0","2.8989","-7.5777","-7.5777","-7.5777","0.224260883","0.13261142373085","0.5","0.16480922698975","0.388506204","0","0","0.32233842796119","0.14745055118373","0.63738588941002","0","0.85248022918762","-0.20160070372983","1","0","0","0","0","1","0","0","0","0","1","1"
"894","Zambia","1983-1986","ZMB","551","","","","0","0","0","0","","0","0","16","0","1","0","1","6","0","0","1","0","party-based","1","0","0","0","-6.26927","-5.63292","-13.188176139718","-3.2970440349295","0.22751213","0.41565826535225","0.53776615858078","0.16480922698975","-0.38742411695421","0.11606138944626","-0.164809227","0.40344379498543","-0.22792532587892","0.66331885878984","0.12381809324962","0.70560370086438","0.26605679065918","0","0","1","0","0","1","0","0","0","0","1","4"
"894","Zambia","1988-1996","ZMB","551","","","","1","1","0","1","1991, 1996","0","1","21","1","1","1","1","6","0","0","1","0","party-based","1","0","0","0","-0.88706","-15.52475","-16.849467041142","-1.8721630045714","0.228214228","0.023077886551619","0.63059347867966","0.16480922698975","0.32249857857823","0.13674253225327","0.59278243780136","0.18975378170756","0.10871297350674","0.72706079443271","-0.18425226093508","0.90931854465403","-0.38021922533047","1","0","0","0","0","1","0","0","0","0","1","9"
"894","Zambia","1998","ZMB","551","","","","0","0","0","0","","1","0","2","1","0","0","1","6","0","0","1","0","party-based","1","0","0","0","0.43926","-4.55877","-4.55877","-4.55877","0.538815677","0.477765709","0.80666995","0.653384566","-0.173436224","-0.103600621","0.060602069","0.239611227","0.006376704","0.675952429","-0.092476137","0.437987622","0.060801111","0","0","1","0","0","1","0","0","0","0","1","1"
"894","Zambia","2000","ZMB","551","","","","0","0","0","0","","0","0","4","0","0","0","0","6","0","0","1","0","party-based","1","0","0","0","-0.55947","0.55325","0.55325","0.55325","0.538815677","0.116531253","0.718702853","0.939397931","0.080728918","-0.003450692","0.060602069","0.163817175","0.033044066","0.514849709","-0.023705969","0.48764003","-0.071088344","1","0","0","0","0","1","0","0","0","0","1","1"
"894","Zambia","2008","ZMB","551","","","","1","1","0","0","","0","0","12","0","0","0","0","6","0","0","1","0","party-based","1","0","0","0","3.34089","2.79463","2.79463","2.79463","0.543813374","0.247303933","0.867603719","1","-0.147011176","-0.198634326","0","0.109677659","0.082636712","0.595759313","-0.13639666","0.390583356","0.076285928","1","0","0","0","0","1","0","0","0","0","1","1"
"716","Zimbabwe","1982-1984","ZWE","552","","","","0","0","0","0","","1","0","2","0","0","0","0","6","0","0","1","0","party-based","1","0","0","0","8.62608","-5.63289","-7.8349663552988","-2.6116554517663","0.275968636","0.43239492177963","0.62878769636154","","-0.269672573","-0.26475834846497","","0.34636119527017","0.16926989196169","","","","","","","","0","0","1","0","0","0","0","1","3"
"716","Zimbabwe","1988-1991","ZWE","552","","","","0","0","0","0","","0","0","8","0","0","0","0","6","0","0","1","0","party-based","1","0","0","0","-4.86792","-0.90497","12.357789002596","3.089447250649","0.313945743","0.44221594929695","0.51015788316727","0","-0.31670528650284","0.4133540391922","0","0.43276403615498","-0.40827434948191","0.70238623785161","0.28383870756846","0.77122502730543","0.16434231421445","0","1","0","0","0","1","0","0","0","0","1","4"
"716","Zimbabwe","1993-1994","ZWE","552","","","","0","0","0","0","","0","0","13","1","0","0","1","6","0","0","1","0","party-based","1","0","0","0","-10.82831","-0.26868","4.4611860996279","2.230593049814","0.310115137","0.3130716085434","0.78300309181213","0","-0.13078932464123","-0.4328079521656","0.16480922698975","0.19359843771044","0.25199362185766","0.88974144439406","-0.35522238080071","0.83823963278139","0.044634447659245","1","0","0","0","0","1","0","0","0","0","1","2"
"716","Zimbabwe","1996-1998","ZWE","552","","","","0","0","0","0","","0","0","16","1","0","0","1","6","0","0","1","0","party-based","1","0","0","0","-0.47454","-1.09741","7.0190437656676","2.3396812552225","0.306933776","0.41059902310371","0.30974754691124","0.16480922698975","-0.33405159413815","0.1748371720314","0","0.56043429844606","-0.23337345558172","0.50674482805261","0.12005581714237","0.70822900462384","0.17334352910209","0","0","1","0","0","1","0","0","0","0","1","3"
"716","Zimbabwe","2000","ZWE","552","","","","0","0","0","0","","0","0","20","1","1","1","1","6","0","0","1","0","party-based","1","0","0","0","-4.60567","-7.9311","-7.9311","-7.9311","0.319240731","0.38181203603745","0.58059465885162","0.16480922698975","0.618187964","-0.13433364","0","0.36075004376406","0.32824188938952","0.69272799723138","-0.092243169876197","0.72316693043484","-0.32078542716784","1","0","0","0","0","1","0","0","0","0","1","1"
"716","Zimbabwe","2003-2008","ZWE","552","","","","0","0","0","0","","0","0","23","0","1","0","1","6","0","0","1","0","party-based","1","0","0","0","-9.61841","-17.68069","-41.429757865339","-6.9049596442231","0.274445115","1","0.68086141347885","0.16480922698975","-0.99865798885003","0.14238089323044","-0.164809227","0.52549431115181","-0.47602288638813","0.76157838539038","0.1557942072859","0.402381503267","0.597618496733","0","0","1","0","0","1","0","0","0","0","1","6"
